id,phase,mode,contract,cli,module,visible_test,hidden_or_differential_test,host_rule,status
CLI-001,2,all,source trailing slash controls directory versus contents,source/,cli|planner,visible_cli_source_slash,diff_source_slash,required,verified
CLI-002,2,all,multiple sources require a directory destination,SRC...,cli,visible_cli_multi_source,diff_multi_source,required,verified
CLI-003,2,all,Windows drive colon is local not remote,C:\\path,cli,visible_windows_drive,hidden_windows_drive_unc,windows,reference
CLI-004,2,all,UNC and extended-length roots remain local,\\\\server\\share,cli,visible_windows_unc,hidden_windows_unc,windows,planned
CLI-005,2,remote-shell,one colon selects remote shell while double colon selects daemon,HOST:PATH|HOST::MODULE,cli,visible_remote_syntax,diff_remote_syntax,required,reference
COPY-001,2,local,recursive regular directory copy,-r,planner|fs,visible_local_tree,diff_local_tree,required,verified
COPY-002,2,all,archive expands to recursive links permissions times group owner devices specials,-a,cli|planner|fs,visible_archive_basics,diff_archive_capabilities,capability-dependent,planned
COPY-003,2,all,dry run changes nothing and reports planned operations,-n|--dry-run,session|planner,visible_dry_run,diff_dry_run,required,verified
COPY-004,2,all,quick check uses size and modification time by default,default,planner,visible_quick_check,diff_quick_check,required,planned
COPY-005,2,all,checksum selects content comparison,-c|--checksum,planner,visible_checksum,diff_checksum,required,planned
COPY-006,2,all,whole file bypasses delta matching,-W|--whole-file,delta|session,visible_whole_file,hidden_transfer_accounting,required,planned
SELECT-001,3,all,ordered include and exclude rules select paths,--include|--exclude,config|planner,visible_filters,diff_filter_order,required,verified
SELECT-002,3,all,filter merge files obey anchoring and inheritance,-f|--filter,config|planner,visible_filter_file,hidden_filter_merge,required,verified
SELECT-003,3,all,files-from supplies bounded normalized relative paths,--files-from,config|planner,visible_files_from,hidden_files_from_escape,required,planned
DELETE-001,3,all,delete removes unprotected extraneous destination entries,--delete,planner|fs,visible_delete,diff_delete,required,verified
DELETE-002,3,all,delete-before during and after preserve timing semantics,--delete-before|--delete-during|--delete-after,planner|session,visible_delete_modes,hidden_delete_failure_order,required,planned
DELETE-003,3,all,max-delete stops excess deletion with compatible status,--max-delete,planner,visible_max_delete,diff_max_delete,required,planned
META-001,3,all,preserve modification times at host resolution,-t,fs,visible_times,diff_times,capability-dependent,verified
META-002,3,all,preserve representable permissions,-p,fs,visible_permissions,diff_permissions,capability-dependent,reference
META-003,3,all,preserve owner and group when authorized,-o|-g,fs,visible_owner_group,diff_owner_group,capability-dependent,reference
META-004,3,all,preserve symbolic links and selected referent behavior,-l|-L,fs|planner,visible_symlinks,hidden_symlink_escape,capability-dependent,reference
META-005,3,all,preserve hard-link identity groups,-H,fs|planner,visible_hardlinks,diff_hardlinks,capability-dependent,verified
META-006,3,all,preserve ACL entries when advertised,-A,fs,visible_acl,diff_acl,capability-dependent,reference
META-007,3,all,preserve extended attributes as opaque bytes,-X,fs,visible_xattrs,diff_xattrs,capability-dependent,reference
META-008,3,all,sparse mode preserves bytes and reduces allocation when supported,-S,fs|delta,visible_sparse,diff_sparse,capability-dependent,reference
SAFE-001,3,all,destination writes and deletes remain confined to root,default,planner|fs,visible_safe_paths,hidden_traversal_reparse,required,planned
SAFE-002,3,all,case-folded or platform-alias collisions fail before mutation,default,planner|fs,visible_case_collision,hidden_windows_aliases,capability-dependent,planned
DELTA-001,4,all,rolling and strong signatures reconstruct exact bytes,default,delta,visible_delta_rebuild,hidden_random_delta,required,reference
DELTA-002,4,all,small edits transfer fewer literal bytes than whole file,default,delta,visible_delta_reuse,hidden_adversarial_delta,required,reference
DELTA-003,4,all,delta memory is bounded by block and pipeline limits,default,delta,visible_delta_bounds,hidden_large_file_memory,required,reference
RECOVER-001,4,all,partial retains configured interrupted output,--partial,session|fs,visible_partial,hidden_interrupt_partial,required,reference
RECOVER-002,4,all,partial-dir isolates reusable partial data,--partial-dir,session|fs,visible_partial_dir,diff_partial_dir,required,reference
RECOVER-003,4,all,delay-updates commits completed files as a final set,--delay-updates,session|fs,visible_delay_updates,hidden_commit_failure,required,reference
SHELL-001,5,remote-shell,push interoperates clone client to upstream server role,SRC HOST:DEST,transport::shell|wire,visible_shell_push,diff_clone_to_upstream_push,required,planned
SHELL-002,5,remote-shell,pull interoperates upstream client to clone server role,HOST:SRC DEST,transport::shell|wire,visible_shell_pull,diff_upstream_to_clone_pull,required,planned
SHELL-003,5,remote-shell,remote arguments preserve spaces and leading dashes,-s|--secluded-args,transport::shell|wire,visible_shell_quoting,hidden_shell_injection,capability-dependent,planned
SHELL-004,5,remote-shell,disconnect terminates session and cleans temporary files,default,transport::shell|session,visible_shell_disconnect,hidden_shell_disconnect,required,planned
DAEMON-001,6,daemon,module listing and read-only pull interoperate,HOST::MODULE,transport::daemon|wire,visible_daemon_pull,diff_clone_upstream_daemon_pull,required,planned
DAEMON-002,6,daemon,writable module accepts confined push,rsync://HOST/MODULE,transport::daemon|wire,visible_daemon_push,diff_upstream_clone_daemon_push,required,planned
DAEMON-003,6,daemon,auth users and secrets reject invalid credentials,--password-file,transport::daemon|config,visible_daemon_auth,hidden_daemon_auth,required,planned
DAEMON-004,6,daemon,module path and filters prevent escape,rsyncd.conf,transport::daemon|config|fs,visible_daemon_modules,hidden_daemon_escape,required,planned
DAEMON-005,6,daemon,connection and I/O timeout terminate cleanly,--timeout|--contimeout,transport::daemon|session,visible_daemon_timeout,hidden_daemon_timeout,required,planned
WIRE-001,5,network,protocol negotiates 31 or newer without requiring newer-only features,--protocol,wire,visible_protocol_31,diff_protocol_31,required,planned
WIRE-002,5,network,malformed lengths and multiplex tags fail without unbounded allocation,default,wire,visible_wire_errors,hidden_wire_fuzz,required,planned
WIRE-003,5,network,checksum and compression choices negotiate from peer intersection,--checksum-choice|--compress-choice,wire|delta,visible_algorithm_negotiation,diff_algorithm_negotiation,capability-dependent,planned
EXIT-001,7,all,success and syntax or usage errors use compatible exits,default,cli|session,visible_exit_basic,diff_exit_0_1_2,required,planned
EXIT-002,7,all,file I/O and partial transfer failures retain compatible categories,default,session|fs,visible_exit_io,diff_exit_11_23_24,required,planned
EXIT-003,7,network,socket protocol timeout and connection failures retain compatible categories,default,session|wire,visible_exit_network,diff_exit_5_10_12_30_35,required,planned
DIAG-001,7,all,diagnostics identify operation and original relative path,default,session,visible_diagnostics,hidden_diagnostic_paths,required,planned
FIXTURE-001,0,local,upstream oracle copies isolated local fixture,-a,validator,fixture_probe_local,fixture_probe_local,linux,verified
FIXTURE-002,0,remote-shell,upstream oracle pushes and pulls through loopback shell shim,-a -e,validator,fixture_probe_shell,fixture_probe_shell,linux,verified
FIXTURE-003,0,daemon,upstream oracle pushes and pulls through loopback daemon,-a --port,validator,fixture_probe_daemon,fixture_probe_daemon,linux,verified
FIXTURE-004,0,all,Windows filesystem capabilities are recorded rather than silently skipped,capability probe,validator,windows_capability_probe,windows_capability_probe,windows,verified
FIXTURE-005,0,all,differential harness exercises candidate and oracle in every required mode,candidate|oracle,validator,differential_self_check,differential_candidate_check,linux,verified
FIXTURE-006,0,all,modular Rust starter builds cleanly and exposes a meaningful missing-engine failure,cargo build|test,starter,starter_build,starter_visible_failure,windows,verified
FIXTURE-007,0,local,Windows reference output matches WSL rsync for core local semantics,archive|delete|dry-run|shape|multi-source,validator,windows_wsl_local_diff,windows_wsl_local_diff,windows+wsl,verified
